PlayerID,PName,Height(cm),Matches Played,Overall Win%,Top 100 Win %,Top 30 Win %,First Serve %,First Serve Win %,BPSave %,BPConv %,Aces/Match,DF/Match,Future Top 30
102776,Andrew Ilie,180.0,40,0.45,0.3793103448275862,0.2727272727272727,0.5191414441375246,0.7146812281930882,0.6144200626959248,0.34615384615384615,6.15,3.525,False
103602,Fernando Gonzalez,183.0,40,0.5,0.36,0.2857142857142857,0.5857534099835341,0.7111037926304029,0.608540925266904,0.4216417910447761,6.4,7.35,True
102821,Cecil Mamiit,173.0,40,0.35,0.2857142857142857,0.08333333333333333,0.5615897964164933,0.6718817300744929,0.5888888888888889,0.3745819397993311,3.65,2.85,False
103387,Paradorn Srichaphan,185.0,40,0.325,0.16,0.16666666666666666,0.5472784106629618,0.6814669121420718,0.5815384615384616,0.383399209486166,5.3,4.525,True
102925,Justin Gimelstob,196.0,40,0.425,0.391304347826087,0.2727272727272727,0.5834615308310704,0.7350522426333514,0.5857605177993528,0.3494809688581315,7.9,4.8,False
103181,Jiri Vanek,185.0,40,0.375,0.28,0.25,0.5474417859671247,0.6971133546842971,0.5994694960212201,0.3925233644859813,6.1,3.15,False
102834,Paul Goldstein,178.0,40,0.475,0.36,0.1111111111111111,0.6318004148295714,0.6447159325042352,0.5907692307692308,0.3951367781155015,2.325,2.275,False
103454,Nicolas Massu,183.0,40,0.525,0.4,0.125,0.5478373261868232,0.7238211756474948,0.5811965811965812,0.452914798206278,4.4,2.975,True
103188,Michael Russell,173.0,40,0.25,0.13793103448275862,0.0,0.6837439495294444,0.6255031995291221,0.5546218487394958,0.38461538461538464,2.475,3.3,False
102880,Alexander Popp,201.0,40,0.425,0.35714285714285715,0.2222222222222222,0.6052064931555938,0.6794925967457897,0.6005586592178771,0.4025157232704403,4.35,5.175,False
102987,Andre Sa,185.0,40,0.375,0.375,0.4,0.6010392973578932,0.6477587473376067,0.5625,0.4067796610169492,2.5,2.575,False
103082,Markus Hantschk,188.0,40,0.475,0.42105263157894735,0.0,0.5701835698929621,0.6773850089287753,0.6261127596439169,0.425,3.9,2.4,False
103598,Xavier Malisse,185.0,40,0.6,0.5,0.38461538461538464,0.5811175416698102,0.7256313130199571,0.610909090909091,0.4072948328267477,6.075,2.5,True
102887,Ramon Delgado,185.0,40,0.375,0.36666666666666664,0.0,0.6043023437823696,0.6665753974823054,0.5017667844522968,0.3727598566308244,5.95,2.7,False
102998,Jan Michael Gambill,190.0,40,0.6,0.5666666666666667,0.5714285714285714,0.5529869329784062,0.7823598326424798,0.6741071428571429,0.3816793893129771,12.275,3.675,True
103420,Michal Tabara,175.0,40,0.475,0.30434782608695654,0.14285714285714285,0.5368386713700369,0.6671982621024981,0.5661538461538461,0.43790849673202614,2.875,3.5,False
102911,Andrei Stoliarov,178.0,40,0.45,0.34615384615384615,0.2857142857142857,0.46884670485605334,0.7011745698070817,0.5691823899371069,0.35962145110410093,4.825,4.75,False
103240,Kevin Kim,180.0,40,0.425,0.34782608695652173,0.1,0.5877695171707951,0.6968731251290303,0.5410447761194029,0.3786764705882353,5.325,2.725,False
102905,Stefan Koubek,175.0,40,0.525,0.5,0.1,0.5959831285125972,0.6802137350349404,0.5370370370370371,0.4172661870503597,4.475,3.475,True
102338,Yevgeny Kafelnikov,190.0,40,0.75,0.71875,0.6363636363636364,0.5552800871592611,0.7491836798931677,0.6627450980392157,0.4481707317073171,5.875,4.0,True
102446,Andrei Medvedev,193.0,40,0.55,0.45454545454545453,0.4117647058823529,0.5717011443985789,0.6969830990151842,0.6434316353887399,0.39473684210526316,5.925,3.075,True
102563,Thomas Johansson,180.0,40,0.475,0.4666666666666667,0.45454545454545453,0.48702068884552646,0.7758375894116145,0.6308243727598566,0.42857142857142855,8.75,3.875,True
103498,Marat Safin,193.0,40,0.775,0.75,0.8,0.5195546330264222,0.7756774570399175,0.6163793103448276,0.39274924471299094,10.275,2.25,True
102271,Hicham Arazi,175.0,40,0.5,0.4411764705882353,0.3333333333333333,0.5817328624047353,0.6898974172283536,0.629757785467128,0.38870431893687707,4.9,2.475,True
103151,Mariano Zabaleta,183.0,40,0.425,0.375,0.3333333333333333,0.49748717248611846,0.7103768343184214,0.5856164383561644,0.35517241379310344,4.925,3.525,True
102450,Tim Henman,185.0,40,0.775,0.7647058823529411,0.6470588235294118,0.5412871629521991,0.7860385153467011,0.7018867924528301,0.4090909090909091,7.725,4.525,True
102783,Rainer Schuettler,180.0,40,0.45,0.4,0.16666666666666666,0.5668023494284208,0.7047029551512077,0.5818815331010453,0.4206896551724138,3.475,3.15,True
102259,Jerome Golmard,188.0,40,0.575,0.4482758620689655,0.25,0.57718104095154,0.7364924292722537,0.6118721461187214,0.3970037453183521,7.0,3.125,False
103507,Juan Carlos Ferrero,183.0,40,0.6,0.5882352941176471,0.5625,0.5833412464267566,0.6835333708814834,0.597972972972973,0.40836012861736337,3.85,4.025,True
103096,Arnaud Clement,173.0,40,0.625,0.5757575757575758,0.5789473684210527,0.5844529788273471,0.7042821779686829,0.5797101449275363,0.4195583596214511,5.95,3.0,True
103252,Alberto Martin,175.0,40,0.45,0.3103448275862069,0.2222222222222222,0.6302281197086664,0.6387308458087174,0.5224913494809689,0.40789473684210525,1.975,2.9,False
102344,Karol Kucera,188.0,40,0.5,0.41935483870967744,0.4,0.5203987990223398,0.743685063930206,0.5805369127516778,0.43478260869565216,6.325,5.5,True
102562,Jiri Novak,190.0,40,0.525,0.5294117647058824,0.4375,0.6543332257815511,0.6813783516368781,0.5698924731182796,0.3502994011976048,3.45,1.95,True
102358,Thomas Enqvist,190.0,40,0.75,0.7272727272727273,0.7777777777777778,0.524847575941423,0.8046071705502726,0.6736401673640168,0.3646723646723647,9.6,5.625,True
102437,Adrian Voinea,185.0,40,0.35,0.28,0.3333333333333333,0.5714107066414453,0.7012146354173412,0.528,0.36199095022624433,5.55,3.025,False
103103,Dominik Hrbaty,183.0,40,0.6,0.6111111111111112,0.5,0.5403557217290346,0.7542540375285556,0.6185185185185185,0.4180064308681672,7.3,4.075,True
102318,Andrei Pavel,183.0,40,0.6,0.5757575757575758,0.38461538461538464,0.6592336864925629,0.6896227203873944,0.6169491525423729,0.4716981132075472,4.9,2.475,True
103344,Ivan Ljubicic,193.0,40,0.475,0.41379310344827586,0.45454545454545453,0.5384853566318271,0.7818797046828044,0.6335877862595419,0.35984848484848486,11.2,3.1,True
103819,Roger Federer,185.0,40,0.475,0.4411764705882353,0.2727272727272727,0.5873283760682456,0.7225988575206534,0.6378600823045267,0.4104803493449782,7.0,3.275,True
103017,Nicolas Kiefer,183.0,40,0.675,0.6176470588235294,0.5,0.5180416578079996,0.7491408416745975,0.6353790613718412,0.4329268292682927,6.525,4.3,True
103292,Gaston Gaudio,175.0,40,0.575,0.53125,0.2857142857142857,0.6098697526604708,0.6702376601386079,0.5844155844155844,0.46440677966101696,2.525,2.925,True
103324,Arnaud Di Pasquale,185.0,40,0.325,0.24242424242424243,0.17647058823529413,0.652700211419879,0.637050329912878,0.5393939393939394,0.3917910447761194,2.4,4.175,False
102839,Nicolas Lapentti,188.0,40,0.6,0.5161290322580645,0.42857142857142855,0.573127409329702,0.7264685120391314,0.6423357664233577,0.4244604316546763,6.1,3.825,True
103720,Lleyton Hewitt,180.0,40,0.775,0.7352941176470589,0.6875,0.5352077769325208,0.7435177750766964,0.6434426229508197,0.4952681388012618,6.5,3.425,True
103714,Andreas Vinciguerra,180.0,40,0.625,0.59375,0.2727272727272727,0.5667339802898402,0.7233438350017095,0.6677966101694915,0.468013468013468,4.9,2.9,False
102369,Julien Boutter,190.0,40,0.45,0.41935483870967744,0.2727272727272727,0.5511377859635587,0.7433230800106388,0.5973154362416108,0.43137254901960786,10.3,7.125,False
103758,Taylor Dent,188.0,40,0.375,0.35714285714285715,0.16666666666666666,0.5360002961966195,0.752667412461872,0.5805243445692884,0.36,7.225,5.6,True
102701,Marcelo Rios,175.0,40,0.625,0.59375,0.4375,0.5493979063689981,0.7323187690024754,0.6186440677966102,0.39171974522292996,6.125,3.95,True
103264,Mariano Puerta,180.0,40,0.65,0.6774193548387096,0.3,0.6784326582294993,0.7015288998598896,0.615,0.45528455284552843,2.925,1.525,True
103294,Christophe Rochus,170.0,40,0.4,0.32,0.1,0.5745508991930566,0.6299822269908714,0.5733333333333334,0.3620178041543027,2.25,4.575,False
102860,Agustin Calleri,183.0,40,0.5,0.41935483870967744,0.25,0.5435279002825814,0.7782709745100236,0.5755102040816327,0.3895705521472393,8.025,3.25,True
103176,David Sanchez,183.0,40,0.4,0.25,0.3,0.6337648200403033,0.631350431803795,0.5799457994579946,0.43312101910828027,1.925,2.7,False
103163,Tommy Haas,188.0,40,0.6,0.5172413793103449,0.5833333333333334,0.5426103353184775,0.7431333132632774,0.6085271317829457,0.40418118466898956,6.925,4.275,True
102703,Hyung Taik Lee,180.0,40,0.4,0.3,0.1,0.585780006494699,0.6661334640358118,0.5729166666666666,0.3726235741444867,3.875,2.65,False
102644,Franco Squillari,183.0,40,0.525,0.53125,0.5833333333333334,0.5220366676485347,0.7284941181481434,0.6158730158730159,0.41368078175895767,3.95,6.125,True
102548,Juan Antonio Marin,175.0,40,0.375,0.2727272727272727,0.0,0.5548887083947218,0.6490557921134824,0.6015228426395939,0.4318181818181818,1.975,2.35,False
102950,Fernando Vicente,180.0,40,0.425,0.36666666666666664,0.4375,0.5867050065658214,0.667703795876198,0.5439739413680782,0.42857142857142855,2.9,3.65,True
103694,Olivier Rochus,168.0,40,0.425,0.3,0.2,0.5875108536385885,0.654870915041384,0.5205047318611987,0.3819241982507289,2.225,2.825,True
103356,Michel Kratochvil,185.0,40,0.475,0.3333333333333333,0.2222222222222222,0.551564161325399,0.723311626082911,0.6253869969040248,0.4299363057324841,4.375,6.4,False
103428,Juan Ignacio Chela,190.0,40,0.525,0.3793103448275862,0.45454545454545453,0.5535567138982106,0.7159905096239203,0.6310975609756098,0.4271186440677966,5.75,3.275,True
103206,Sebastien Grosjean,175.0,40,0.625,0.5384615384615384,0.25,0.5804729161995381,0.7276306148487554,0.6208333333333333,0.4341317365269461,5.0,1.625,True
103193,Peter Wessels,196.0,40,0.45,0.375,0.2857142857142857,0.6162368641102638,0.7355430598594126,0.5964912280701754,0.40816326530612246,8.525,3.0,False
102539,Bohdan Ulihrach,188.0,40,0.475,0.4411764705882353,0.26666666666666666,0.5809913839243501,0.660279919093509,0.6062322946175638,0.4214046822742475,2.7,3.925,False
102854,Sjeng Schalken,193.0,40,0.55,0.5,0.2857142857142857,0.5518728007775295,0.7265298658737935,0.596078431372549,0.4006734006734007,5.9,5.325,True
102694,Lars Burgsmuller,183.0,40,0.4,0.375,0.3333333333333333,0.5906295795612382,0.6661973470122892,0.6024096385542169,0.34797297297297297,3.4,3.725,False
103182,Markus Hipfl,178.0,40,0.45,0.375,0.42857142857142855,0.6336413688360902,0.638142134052521,0.5345911949685535,0.40863787375415284,2.125,2.75,False
103018,Max Mirnyi,196.0,40,0.5,0.5151515151515151,0.36363636363636365,0.6387502853433712,0.7493916261923829,0.6244725738396625,0.3911290322580645,8.625,3.5,True
102610,Albert Costa,180.0,40,0.55,0.5625,0.2222222222222222,0.613654199272289,0.6826086920487077,0.61328125,0.44360902255639095,3.75,1.65,True
104053,Andy Roddick,188.0,40,0.675,0.6470588235294118,0.4,0.5842808665088879,0.79014172083549,0.7302325581395349,0.35335689045936397,9.9,3.325,True
102722,Attila Savolt,183.0,40,0.45,0.42857142857142855,0.2857142857142857,0.550976785711939,0.7175580534652894,0.5858895705521472,0.34965034965034963,5.3,3.925,False
102796,Magnus Norman,188.0,40,0.725,0.7,0.5555555555555556,0.6367625125727596,0.7369512903686125,0.6568265682656826,0.3780821917808219,6.475,2.825,True
102374,Alex Corretja,180.0,40,0.725,0.7222222222222222,0.7222222222222222,0.4788058875115307,0.7605428721406045,0.6550218340611353,0.436426116838488,5.325,2.35,True
102845,Carlos Moya,190.0,40,0.625,0.5454545454545454,0.4117647058823529,0.5502427208391018,0.7462598899407183,0.636,0.37962962962962965,4.425,2.75,True
103248,Harel Levy,185.0,40,0.475,0.43333333333333335,0.18181818181818182,0.5691307715594749,0.7060007664564083,0.6085526315789473,0.43272727272727274,4.05,2.075,True
102882,Mark Philippoussis,196.0,40,0.7,0.6470588235294118,0.5,0.5592359168826588,0.8207881335696474,0.6307692307692307,0.3819444444444444,16.5,5.65,True
102287,Albert Portas,188.0,40,0.5,0.3793103448275862,0.2222222222222222,0.5184554410659313,0.7150837368895067,0.5784313725490197,0.43508771929824563,4.775,4.05,True
103888,Mardy Fish,188.0,40,0.45,0.43333333333333335,0.2727272727272727,0.5376766095786318,0.714250361788108,0.594855305466238,0.3843283582089552,8.55,3.525,True
102869,Galo Blanco,173.0,40,0.4,0.39285714285714285,0.1111111111111111,0.5304078382291111,0.7153188187926844,0.621875,0.4196078431372549,5.725,3.25,False
102567,George Bastl,183.0,40,0.425,0.3076923076923077,0.2857142857142857,0.664744802832777,0.6435374977258144,0.5817610062893082,0.35625,4.0,2.725,False
102856,Gustavo Kuerten,190.0,40,0.725,0.7586206896551724,0.5,0.5503135728899283,0.811646781914449,0.6631016042780749,0.41304347826086957,10.675,2.6,True
103166,Vladimir Voltchkov,180.0,40,0.55,0.5483870967741935,0.3,0.5641655894557223,0.7320134454759678,0.6083916083916084,0.3535714285714286,6.875,5.575,True
102456,Felix Mantilla,180.0,40,0.475,0.5151515151515151,0.4166666666666667,0.5971595605815901,0.6478858552709023,0.5309090909090909,0.5061224489795918,2.225,2.125,True
103484,James Blake,185.0,40,0.55,0.5277777777777778,0.35714285714285715,0.5713587219150897,0.7067420927205899,0.5873015873015873,0.4426877470355731,5.15,2.3,True
102765,Nicolas Escude,185.0,40,0.575,0.4230769230769231,0.3076923076923077,0.5129979802022429,0.7407900417776829,0.5691056910569106,0.3864306784660767,6.25,3.5,True
103709,Kristian Pless,188.0,40,0.45,0.41935483870967744,0.3333333333333333,0.625748803143703,0.7024453903917478,0.6431535269709544,0.4,5.3,2.625,False
102831,Jacobo Diaz,173.0,40,0.25,0.23076923076923078,0.16666666666666666,0.6282060724880326,0.6522580935949803,0.5853658536585366,0.401673640167364,2.8,3.85,False
104022,Mikhail Youzhny,183.0,40,0.5,0.39285714285714285,0.14285714285714285,0.6191499842035675,0.6706881679729334,0.5825242718446602,0.41924398625429554,3.125,2.425,True
103171,Raemon Sluiter,185.0,40,0.425,0.39285714285714285,0.25,0.5747723797891653,0.7360848768983261,0.6212624584717608,0.38372093023255816,6.125,4.15,False
103174,Noam Okun,185.0,40,0.35,0.30434782608695654,0.2727272727272727,0.5947492981195263,0.6935839497198948,0.6059602649006622,0.37554585152838427,5.275,3.65,False
103566,Michael Llodra,190.0,40,0.375,0.3225806451612903,0.25,0.5794372008779453,0.7280969038348972,0.5663082437275986,0.37777777777777777,7.4,5.7,True
103084,Guillermo Canas,185.0,40,0.5,0.40625,0.3333333333333333,0.5843639980398396,0.7067092996669287,0.595679012345679,0.410958904109589,5.225,3.0,True
103444,Jean Rene Lisnard,173.0,40,0.425,0.23076923076923078,0.23076923076923078,0.5785074881039366,0.62554622785196,0.5580808080808081,0.3973333333333333,1.975,3.75,False
102607,Juan Balcells,190.0,40,0.55,0.5,0.625,0.7239868311070753,0.6762421435622491,0.6423611111111112,0.38869257950530034,5.2,1.85,False
103451,Bjorn Phau,175.0,40,0.325,0.24,0.2222222222222222,0.5201120947002782,0.6739172527483553,0.5425219941348973,0.4312267657992565,3.775,3.525,False
103900,David Nalbandian,180.0,40,0.55,0.41935483870967744,0.2857142857142857,0.6029908874893937,0.6845715972618209,0.5939849624060151,0.4787234042553192,2.975,3.65,True
103909,Guillermo Coria,175.0,40,0.625,0.59375,0.375,0.5286312807949743,0.6978953028176341,0.5860927152317881,0.43823529411764706,3.675,2.525,True
103781,Jurgen Melzer,183.0,40,0.425,0.37037037037037035,0.2857142857142857,0.5644801153329626,0.716222311198523,0.5960264900662252,0.40077821011673154,6.575,4.0,True
103114,Martin Lee,180.0,40,0.35,0.30434782608695654,0.1111111111111111,0.5881287883397409,0.6917125290956743,0.5851393188854489,0.35177865612648224,4.925,2.7,False
103990,Tommy Robredo,180.0,40,0.6,0.5185185185185185,0.2857142857142857,0.6517716095988473,0.6939470543349014,0.6262295081967213,0.41569767441860467,3.575,3.525,True
104026,Joachim Johansson,198.0,40,0.525,0.5428571428571428,0.4,0.6050896894235971,0.8053316486380193,0.6506024096385542,0.31363636363636366,14.475,4.45,True
103813,Jarkko Nieminen,185.0,40,0.525,0.4857142857142857,0.38461538461538464,0.6360738860511825,0.6620717450423658,0.6047297297297297,0.40327868852459015,2.55,2.3,True
103852,Feliciano Lopez,188.0,40,0.5,0.45454545454545453,0.4,0.5987811951229236,0.723845606060425,0.6172413793103448,0.3699186991869919,9.025,4.125,True
102730,Ivo Heuberger,188.0,40,0.325,0.24,0.2,0.499780542745489,0.7219975746118379,0.5596026490066225,0.42081447963800905,6.3,2.925,False
103908,Paul Henri Mathieu,185.0,40,0.575,0.5714285714285714,0.6,0.5176415541875486,0.7317714704892896,0.6079136690647482,0.38414634146341464,5.775,2.925,True
103487,Federico Luzzi,188.0,40,0.4,0.37037037037037035,0.3,0.5636515198173842,0.6535318778339215,0.5858310626702997,0.396,3.25,3.725,False
103319,Jeff Morrison,185.0,40,0.375,0.21428571428571427,0.21428571428571427,0.5728366278683455,0.7295998953418369,0.5962962962962963,0.3481781376518219,8.175,4.35,False
103280,Martin Verkerk,196.0,40,0.45,0.4642857142857143,0.42857142857142855,0.5643365607315208,0.7596209478205683,0.6433333333333333,0.4016393442622951,12.375,5.675,True
103786,Nikolay Davydenko,178.0,40,0.35,0.35714285714285715,0.08333333333333333,0.6319736235827895,0.6480652006664729,0.5691823899371069,0.44402985074626866,2.95,2.4,True
103401,Jan Hernych,190.0,40,0.4,0.39285714285714285,0.25,0.6551913137369795,0.6485217161556192,0.5782747603833865,0.4072727272727273,2.825,2.225,False
103917,Nicolas Mahut,190.0,40,0.2,0.2,0.3333333333333333,0.5970247903011616,0.7085676228413004,0.5326460481099656,0.3117408906882591,8.05,4.175,False
103632,Luis Horna,180.0,40,0.45,0.4444444444444444,0.375,0.6831318824349529,0.6908617830183976,0.5811320754716981,0.4222222222222222,3.425,3.1,False
103821,Danai Udomchoke,173.0,40,0.3,0.18181818181818182,0.0,0.617997712600956,0.6790461409520666,0.5882352941176471,0.36996336996337,3.725,3.525,False
104339,Mario Ancic,196.0,40,0.4,0.3,0.36363636363636365,0.5648358873395816,0.7332751693624683,0.5816326530612245,0.35625,8.175,4.575,True
104180,Gilles Muller,193.0,40,0.525,0.5185185185185185,0.4,0.6052763072055303,0.7155234373466961,0.6420664206642066,0.4009433962264151,8.4,3.475,False
103333,Ivo Karlovic,208.0,40,0.425,0.37037037037037035,0.4166666666666667,0.6098062930579964,0.8238760458464233,0.7101449275362319,0.2916666666666667,19.325,5.95,True
102788,Jan Vacek,198.0,40,0.4,0.3,0.0,0.5714096845043208,0.687119715176014,0.573134328358209,0.4151624548736462,4.95,3.55,False
104098,Dmitry Tursunov,185.0,40,0.45,0.4642857142857143,0.3,0.5338340516521758,0.7023718617589054,0.6139240506329114,0.3680297397769517,7.925,5.075,True
104068,Robby Ginepri,183.0,40,0.45,0.2692307692307692,0.16666666666666666,0.5978458739123552,0.681238297999912,0.5114503816793893,0.4216417910447761,5.225,3.95,True
104166,Alex Bogomolov Jr,178.0,40,0.35,0.2,0.125,0.669578880819423,0.6569192331031448,0.5372168284789643,0.4574898785425101,2.375,3.2,False
104076,Jose Acasuso,190.0,40,0.475,0.5,0.3076923076923077,0.5092161028559967,0.7140628327637206,0.631578947368421,0.38321167883211676,4.65,2.975,True
103580,Alexander Peya,183.0,40,0.3,0.20833333333333334,0.08333333333333333,0.5961138080665576,0.6841568975246423,0.5873493975903614,0.35135135135135137,4.65,4.175,False
103789,Irakli Labadze,188.0,40,0.35,0.34615384615384615,0.2857142857142857,0.5985560128884112,0.6804403926843319,0.6021505376344086,0.4222222222222222,5.725,5.575,False
103133,Olivier Mutis,175.0,40,0.475,0.2962962962962963,0.1,0.5093730750356376,0.6729098315422737,0.5875,0.4632352941176471,3.6,3.15,False
103656,Albert Montanes,175.0,40,0.5,0.4857142857142857,0.2,0.6104793996512975,0.686477918896282,0.6015037593984962,0.38380281690140844,3.625,2.875,True
103105,Ruben Ramirez Hidalgo,183.0,40,0.25,0.2222222222222222,0.0,0.5859671269511505,0.6532653973922372,0.543859649122807,0.39826839826839827,3.025,3.425,False
104043,Marc Lopez,175.0,40,0.475,0.44,0.125,0.6601311328400485,0.639091518061645,0.5399361022364217,0.490272373540856,0.5,1.425,False
103835,Filippo Volandri,183.0,40,0.5,0.4117647058823529,0.25,0.669070694775203,0.6476756910446466,0.5765472312703583,0.48109965635738833,0.725,2.875,True
103285,Radek Stepanek,185.0,40,0.55,0.4482758620689655,0.2727272727272727,0.606760457019812,0.7260928095824242,0.608058608058608,0.3940520446096654,7.35,3.05,True
103581,Flavio Saretta,183.0,40,0.5,0.5,0.5,0.5986449021980124,0.6562909876496296,0.6144927536231884,0.4083333333333333,4.775,2.75,False
104417,Robin Soderling,193.0,40,0.575,0.5555555555555556,0.4666666666666667,0.6214700120468247,0.7528249591790159,0.5922330097087378,0.4353448275862069,8.8,2.825,True
103898,Julien Benneteau,185.0,40,0.425,0.375,0.09090909090909091,0.6148599410280629,0.6589738689073569,0.5511551155115512,0.4015748031496063,3.4,3.15,True
103672,Ricardo Mello,175.0,40,0.45,0.34615384615384615,0.36363636363636365,0.626745266687331,0.6459415606124788,0.5889967637540453,0.4429223744292237,3.15,2.8,False
104386,Janko Tipsarevic,180.0,40,0.3,0.13043478260869565,0.15384615384615385,0.5418986563308518,0.7112184119815282,0.5409836065573771,0.3460207612456747,6.15,2.825,True
104229,Yen Hsun Lu,180.0,40,0.275,0.14285714285714285,0.125,0.6020121117155174,0.6969886556108241,0.5147058823529411,0.36,4.375,3.725,False
104499,Jimmy Wang,178.0,40,0.325,0.3225806451612903,0.16666666666666666,0.6074527755063126,0.6450476598206458,0.6186868686868687,0.3771043771043771,3.45,2.175,False
104268,Alejandro Falla,185.0,40,0.3,0.16666666666666666,0.07142857142857142,0.613138874721989,0.6424205270314916,0.5478260869565217,0.3879003558718861,2.9,1.65,False
103693,Thierry Ascione,188.0,40,0.35,0.2916666666666667,0.25,0.6391510945030945,0.6779615857875082,0.5620689655172414,0.44495412844036697,3.625,2.875,False
104330,Rajeev Ram,193.0,40,0.4,0.15384615384615385,0.125,0.5751349299785273,0.7347661362893846,0.5778688524590164,0.4114583333333333,7.775,2.925,False
103971,Karol Beck,180.0,40,0.3,0.2727272727272727,0.07142857142857142,0.5330104840776467,0.7208112764033071,0.5652173913043478,0.39147286821705424,6.9,5.05,False
103408,Brian Vahaly,183.0,40,0.375,0.28,0.23076923076923078,0.64455694861326,0.6600088333772358,0.5849056603773585,0.3732394366197183,3.55,3.575,False
104745,Rafael Nadal,185.0,40,0.55,0.48484848484848486,0.25,0.7146243788039996,0.6666806167890662,0.6074074074074074,0.41522491349480967,1.4,2.1,True
103970,David Ferrer,175.0,40,0.525,0.45161290322580644,0.23076923076923078,0.6110776320573156,0.634957597520434,0.5587301587301587,0.45964912280701753,1.625,3.425,True
104269,Fernando Verdasco,188.0,40,0.425,0.3448275862068966,0.07692307692307693,0.6616614434249367,0.6914983963108261,0.6106870229007634,0.35390946502057613,4.575,3.8,True
104259,Philipp Kohlschreiber,178.0,40,0.35,0.27586206896551724,0.25,0.5540554982721633,0.681146051366288,0.579136690647482,0.4108527131782946,4.95,2.675,True
104755,Richard Gasquet,185.0,40,0.375,0.3,0.3333333333333333,0.5610369718344984,0.7047102938132774,0.5551839464882943,0.411522633744856,4.4,3.825,True
103823,Denis Gremelmayr,183.0,40,0.425,0.3870967741935484,0.35714285714285715,0.5816221413770785,0.6732600397055586,0.5693430656934306,0.40358744394618834,3.7,2.475,False
103812,Victor Hanescu,198.0,40,0.5,0.4230769230769231,0.3,0.6575816565232061,0.685270496435947,0.6282527881040892,0.4380165289256198,4.025,1.95,True
103535,Olivier Patience,180.0,40,0.35,0.2916666666666667,0.16666666666666666,0.6162396112191197,0.6693755111328699,0.5751445086705202,0.35331230283911674,4.475,3.25,False
104433,Frank Dancevic,185.0,40,0.4,0.26666666666666666,0.1,0.582602712167773,0.7200552143223938,0.6,0.3253968253968254,7.475,2.25,False
103325,Wesley Moodie,196.0,40,0.35,0.32,0.2,0.6862157210220018,0.7454442303485034,0.6120689655172413,0.32972972972972975,12.0,3.2,False
103857,Igor Kunitsyn,180.0,40,0.4,0.40625,0.2727272727272727,0.5699993971308375,0.6638354063204869,0.5887850467289719,0.3917910447761194,2.375,2.025,False
104019,Kristof Vliegen,193.0,40,0.425,0.2608695652173913,0.1,0.6067359082973199,0.6684660382316294,0.519163763066202,0.4493927125506073,4.325,2.675,True
103429,Peter Luczak,183.0,40,0.35,0.20689655172413793,0.125,0.6462598244962188,0.66662221432409,0.6222910216718266,0.38735177865612647,4.4,2.925,False
104607,Tomas Berdych,196.0,40,0.475,0.42857142857142855,0.1,0.5744230544229382,0.7221706643393799,0.6165644171779141,0.3745819397993311,7.95,3.725,True
104056,Roko Karanusic,183.0,40,0.225,0.13043478260869565,0.0,0.6048900130729633,0.678822811276517,0.5799373040752351,0.33093525179856115,3.925,1.45,False
104025,Amer Delic,196.0,40,0.225,0.08333333333333333,0.0,0.578911212564143,0.7207344122645817,0.62,0.3333333333333333,10.725,3.325,False
103169,Oscar Hernandez,180.0,40,0.325,0.25,0.125,0.6444337424163179,0.6468513349452608,0.5963855421686747,0.36403508771929827,1.825,2.2,False
104035,Bobby Reynolds,183.0,40,0.25,0.19230769230769232,0.125,0.5818611156874172,0.7102760281378857,0.5612244897959183,0.30612244897959184,9.9,4.425,False
104527,Stanislas Wawrinka,183.0,40,0.4,0.36666666666666664,0.3,0.5713625660654086,0.6991159628938645,0.6398809523809523,0.3344594594594595,6.95,4.175,True
104597,Nicolas Almagro,183.0,40,0.375,0.34375,0.14285714285714285,0.6065343578814071,0.7016700830836189,0.6355140186915887,0.42386831275720166,5.725,3.025,True
104214,Igor Andreev,185.0,40,0.425,0.45454545454545453,0.8,0.6106137766917407,0.6758263086934189,0.574468085106383,0.3992673992673993,3.95,3.475,True
103808,Potito Starace,188.0,40,0.425,0.43333333333333335,0.38461538461538464,0.7382281269530562,0.6413090530391927,0.6268656716417911,0.4153846153846154,2.575,1.9,True
104332,Philipp Petzschner,185.0,40,0.425,0.45161290322580644,0.375,0.5376577969402733,0.7398281793181675,0.5547169811320755,0.31756756756756754,7.225,3.825,False
103752,Simon Greul,185.0,40,0.325,0.29411764705882354,0.2222222222222222,0.5534225647966412,0.6646691763978417,0.5460992907801419,0.37339055793991416,4.25,2.7,False
104312,Andreas Seppi,190.0,40,0.475,0.4473684210526316,0.5,0.5639919372992868,0.6880517290620392,0.6221590909090909,0.40468227424749165,3.65,3.225,True
104589,Chris Guccione,201.0,40,0.4,0.3333333333333333,0.4,0.5829725391490441,0.7892838372644408,0.6653225806451613,0.2608695652173913,15.375,3.95,False
103722,Florent Serra,180.0,40,0.475,0.4838709677419355,0.25,0.6026885681308164,0.6726289835496634,0.554006968641115,0.43529411764705883,2.8,2.125,False
103503,Robin Vik,183.0,40,0.375,0.34375,0.2727272727272727,0.6228379266606565,0.6663190102282353,0.526813880126183,0.45643153526970953,3.8,3.8,False
104230,Daniel Koellerer,180.0,40,0.4,0.26666666666666666,0.14285714285714285,0.686059436035,0.6401889287137781,0.56,0.3691275167785235,1.625,1.85,False
104154,Paul Capdeville,190.0,40,0.4,0.3333333333333333,0.14285714285714285,0.601125313715922,0.6680532598710361,0.5352564102564102,0.43272727272727274,4.65,3.2,False
104198,Guillermo Garcia Lopez,188.0,40,0.45,0.41935483870967744,0.4,0.634575361990799,0.6642848396659338,0.5806451612903226,0.46402877697841727,2.725,3.15,True
104081,Boris Pashanski,180.0,40,0.325,0.25925925925925924,0.0,0.5808625291181058,0.6649573726140507,0.5830903790087464,0.36363636363636365,2.6,3.75,False
104338,Juan Monaco,185.0,40,0.6,0.5517241379310345,0.3076923076923077,0.6677001576167895,0.6369625740126877,0.5160142348754448,0.48427672955974843,1.825,2.2,True
104252,Florian Mayer,190.0,40,0.525,0.40625,0.26666666666666666,0.6124456124637828,0.6855883384867657,0.5665399239543726,0.40476190476190477,4.275,2.375,True
104593,Daniel Gimeno Traver,185.0,40,0.375,0.3333333333333333,0.0,0.6170151776803501,0.6909331776743534,0.5892857142857143,0.41935483870967744,3.8,2.375,False
104639,Wayne Odesnik,180.0,40,0.425,0.3333333333333333,0.14285714285714285,0.6264316763074557,0.6778994716033716,0.597444089456869,0.38571428571428573,5.8,2.675,False
104925,Novak Djokovic,188.0,40,0.575,0.5428571428571428,0.4117647058823529,0.6318228749364202,0.7031095864366622,0.5953947368421053,0.4169278996865204,5.475,3.025,True
104571,Marcos Baghdatis,183.0,40,0.55,0.4666666666666667,0.4,0.5569260802466585,0.7357411300512089,0.5854545454545454,0.44884488448844884,7.525,3.05,True
104468,Gilles Simon,183.0,40,0.475,0.4838709677419355,0.16666666666666666,0.5505932754794314,0.6624887371114062,0.5432098765432098,0.4416961130742049,3.55,1.425,True
104792,Gael Monfils,193.0,40,0.55,0.5161290322580645,0.38461538461538464,0.5291939785451676,0.7128629218593019,0.5264900662251656,0.4816326530612245,7.575,3.45,True
104542,Jo Wilfried Tsonga,188.0,40,0.575,0.5945945945945946,0.3333333333333333,0.6334063615139974,0.7613178149934865,0.6081081081081081,0.3673469387755102,8.925,2.3,True
104676,Andreas Beck,190.0,40,0.475,0.40625,0.16666666666666666,0.5963543268998636,0.6982635047978432,0.6437908496732027,0.35555555555555557,5.4,4.875,False
104559,Teymuraz Gabashvili,188.0,40,0.275,0.18518518518518517,0.2222222222222222,0.5437824318074517,0.709389124003613,0.5488215488215489,0.37916666666666665,5.275,3.85,False
104660,Sergiy Stakhovsky,193.0,40,0.475,0.4444444444444444,0.4,0.6441578206445296,0.7109840494331,0.625,0.3939393939393939,6.1,2.275,False
103868,Ivan Navarro,183.0,40,0.425,0.3,0.16666666666666666,0.6113039050243606,0.7371387115353567,0.6539923954372624,0.3645320197044335,7.05,3.1,False
104371,Ivo Minar,183.0,40,0.325,0.3,0.1875,0.5396435935044159,0.6941124700666792,0.5539568345323741,0.3705357142857143,5.6,3.05,False
104523,Frederico Gil,178.0,40,0.5,0.4482758620689655,0.18181818181818182,0.62445213883211,0.6741565176965582,0.5864406779661017,0.3992673992673993,2.7,2.45,False
104655,Pablo Cuevas,180.0,40,0.45,0.32,0.1111111111111111,0.6088367434624775,0.6736037109829771,0.5573122529644269,0.3963963963963964,5.225,2.2,True
104918,Andy Murray,190.0,40,0.575,0.4642857142857143,0.3333333333333333,0.5484282483251163,0.7332714104953013,0.5886287625418061,0.4126506024096386,6.125,3.275,True
104160,Lukas Dlouhy,185.0,40,0.25,0.2413793103448276,0.125,0.6170127034572105,0.6615903999163367,0.5564738292011019,0.42023346303501946,4.675,5.2,False
105385,Donald Young,183.0,40,0.225,0.2,0.0,0.5840963304208662,0.6416540487880973,0.5476190476190477,0.34913793103448276,3.075,3.475,False
104534,Dudi Sela,175.0,40,0.4,0.38235294117647056,0.17647058823529413,0.619646434060749,0.6686026046646416,0.5873493975903614,0.37216828478964403,2.175,2.925,True
104926,Fabio Fognini,178.0,40,0.4,0.23076923076923078,0.3333333333333333,0.5465184871713165,0.6831071368206671,0.5518394648829431,0.4308300395256917,3.35,3.325,True
104122,Carlos Berlocq,183.0,40,0.3,0.25,0.25,0.6103214405329233,0.6296913659100793,0.5370370370370371,0.45689655172413796,2.775,2.45,False
105227,Marin Cilic,198.0,40,0.45,0.391304347826087,0.42857142857142855,0.5322425230037069,0.7222989434858305,0.6151202749140894,0.3836734693877551,6.3,3.4,True
104327,Steve Darcis,178.0,40,0.475,0.45161290322580644,0.3076923076923077,0.6030029457080275,0.6997889198423077,0.5752895752895753,0.39316239316239315,4.375,1.925,False
104797,Denis Istomin,188.0,40,0.425,0.34375,0.15384615384615385,0.6569110849372308,0.6960607520934747,0.6039603960396039,0.3953488372093023,6.775,2.45,False
104813,Grega Zemlja,183.0,40,0.45,0.36666666666666664,0.23076923076923078,0.600732662896672,0.7003519539812417,0.6385869565217391,0.39846743295019155,8.1,3.05,False
105208,Ernests Gulbis,190.0,40,0.425,0.4411764705882353,0.2,0.62087484947056,0.7474192141476691,0.6843971631205674,0.39555555555555555,8.775,3.9,True
104976,Ryan Sweeting,196.0,40,0.3,0.2727272727272727,0.0,0.6537760846923051,0.6579027628088772,0.5776081424936387,0.4367816091954023,4.9,4.65,False
105095,Evgeny Korolev,185.0,40,0.425,0.37142857142857144,0.16666666666666666,0.5696506582517669,0.7041649246221593,0.6020066889632107,0.3925619834710744,4.975,4.05,False
105223,Juan Martin Del Potro,198.0,40,0.475,0.4666666666666667,0.18181818181818182,0.6761294359636588,0.6867493115133141,0.5615384615384615,0.41118421052631576,4.425,2.85,True
104871,Jeremy Chardy,188.0,40,0.55,0.45454545454545453,0.35714285714285715,0.5963466479839111,0.7487331910174577,0.6356275303643725,0.36496350364963503,8.65,3.925,True
104225,Jan Hajek,180.0,40,0.325,0.27586206896551724,0.0,0.5874233905774576,0.6297792306521175,0.5693215339233039,0.344,3.55,2.4,False
103794,Benjamin Becker,178.0,40,0.425,0.4230769230769231,0.18181818181818182,0.5325329518234797,0.7798742241058697,0.642570281124498,0.29918032786885246,10.325,3.425,False
104620,Simone Bolelli,183.0,40,0.375,0.38235294117647056,0.3157894736842105,0.6635192784482047,0.6792145520860068,0.6024096385542169,0.3333333333333333,5.375,1.25,False
105238,Alexandr Dolgopolov,180.0,40,0.475,0.39285714285714285,0.25,0.5512293398717133,0.7338621558660506,0.6209386281588448,0.3628691983122363,8.4,2.825,True
104890,Andreas Haider Maurer,190.0,40,0.375,0.32142857142857145,0.1,0.5627800140245982,0.7257061777621415,0.5954692556634305,0.39285714285714285,8.75,5.125,False
104898,Robin Haase,190.0,40,0.45,0.35714285714285715,0.25,0.592787249619683,0.7184472906787059,0.6389776357827476,0.3700787401574803,6.425,2.925,False
104997,Igor Sijsling,190.0,40,0.475,0.40625,0.18181818181818182,0.5960328314625187,0.7648662505417858,0.5804878048780487,0.38613861386138615,8.45,2.25,False
105217,Thiemo De Bakker,193.0,40,0.5,0.48484848484848486,0.46153846153846156,0.6101330172177502,0.7324441588052479,0.6493506493506493,0.39035087719298245,9.5,1.75,False
105023,Sam Querrey,198.0,40,0.4,0.3939393939393939,0.25,0.567281760139069,0.7777705871025852,0.603448275862069,0.358974358974359,12.3,3.175,True
105028,Jesse Levine,175.0,40,0.35,0.25925925925925924,0.0,0.5905930697894956,0.6587389811978196,0.6160714285714286,0.4291497975708502,4.8,4.7,False
104999,Mischa Zverev,190.0,40,0.425,0.35714285714285715,0.3333333333333333,0.6527651227587309,0.6793586744199707,0.6055363321799307,0.3677685950413223,5.15,1.55,False
104719,Marcel Granollers,190.0,40,0.425,0.41935483870967744,0.3333333333333333,0.588479641463391,0.6721084302780652,0.6141975308641975,0.39473684210526316,3.725,3.35,True
104678,Viktor Troicki,193.0,40,0.475,0.45454545454545453,0.3076923076923077,0.6152109877096981,0.6993738119185122,0.5390625,0.40225563909774437,5.8,2.575,True
104500,Somdev Devvarman,180.0,40,0.425,0.24,0.2222222222222222,0.617417890535214,0.6741209040563414,0.5404411764705882,0.39776951672862454,3.7,1.925,False
105041,Lukas Lacko,185.0,40,0.375,0.3125,0.3076923076923077,0.5927164473904513,0.7203139335146197,0.60062893081761,0.33070866141732286,6.475,2.675,False
105053,Santiago Giraldo,188.0,40,0.275,0.24242424242424243,0.16666666666666666,0.6060996950462226,0.6659212535186707,0.6116838487972509,0.340080971659919,4.55,1.7,True
104882,Blaz Kavcic,188.0,40,0.375,0.2903225806451613,0.0,0.6357494450959446,0.6541227286464253,0.5528455284552846,0.4429530201342282,3.575,4.95,False
105062,Mikhail Kukushkin,183.0,40,0.5,0.4838709677419355,0.3,0.5834419608851433,0.6683102383364964,0.5697674418604651,0.4128787878787879,3.7,1.6,False
104545,John Isner,206.0,40,0.45,0.40625,0.25,0.6692272769962954,0.771487551048173,0.651685393258427,0.2222222222222222,16.7,3.425,True
104586,Lukas Rosol,196.0,40,0.35,0.26666666666666666,0.2,0.5757585004023913,0.7034833101720036,0.6111111111111112,0.3799126637554585,6.65,3.625,True
105453,Kei Nishikori,178.0,40,0.5,0.45161290322580644,0.3,0.5878943062303498,0.6802434546257541,0.5676691729323309,0.412,3.15,3.175,True
105373,Martin Klizan,190.0,40,0.475,0.41379310344827586,0.16666666666666666,0.5506401759766396,0.692877868391124,0.5958083832335329,0.43769968051118213,3.75,3.95,True
104731,Kevin Anderson,203.0,40,0.425,0.34375,0.25,0.661752536471904,0.7488919472617007,0.587378640776699,0.33014354066985646,9.5,3.375,True
104665,Pablo Andujar,180.0,40,0.325,0.27586206896551724,0.125,0.6642966348685674,0.6209365991386503,0.5548961424332344,0.3344155844155844,1.475,2.85,False
104735,Tobias Kamke,180.0,40,0.425,0.3125,0.18181818181818182,0.5818422637738753,0.6609482232296815,0.5944272445820433,0.3723076923076923,1.9,3.875,False
104897,Matthias Bachinger,188.0,40,0.3,0.18518518518518517,0.0,0.5842777297873607,0.7366324779983795,0.5745454545454546,0.3458646616541353,6.6,2.825,False
104978,Daniel Brands,196.0,40,0.4,0.34375,0.25,0.6542473113004436,0.7381240219073816,0.6088709677419355,0.3397129186602871,8.9,3.2,False
104216,Maximo Gonzalez,175.0,40,0.425,0.36363636363636365,0.3333333333333333,0.6427495406184061,0.6379136429399039,0.5953488372093023,0.3870056497175141,1.325,2.75,False
105137,Pere Riba,183.0,40,0.325,0.2413793103448276,0.1111111111111111,0.5509361716897678,0.6526292289867106,0.5426829268292683,0.40329218106995884,4.65,3.025,False
104724,Eduardo Schwank,183.0,40,0.425,0.35714285714285715,0.2727272727272727,0.6184413985951107,0.6823835660664508,0.6525974025974026,0.39183673469387753,4.1,2.85,False
104979,Andrey Golubev,185.0,40,0.3,0.24242424242424243,0.08333333333333333,0.5748172517074132,0.7075478947582605,0.5809859154929577,0.3688888888888889,5.3,3.575,False
105064,Thomaz Bellucci,188.0,40,0.425,0.3870967741935484,0.16666666666666666,0.5935988029940726,0.6914266472201388,0.6,0.38492063492063494,6.075,2.925,True
105777,Grigor Dimitrov,188.0,40,0.4,0.2857142857142857,0.14285714285714285,0.5879329821876389,0.7023509266218199,0.5687022900763359,0.337037037037037,5.475,3.675,True
105575,Ricardas Berankis,175.0,40,0.5,0.3793103448275862,0.2,0.5037771050092662,0.7405811677064922,0.5776892430278885,0.3807829181494662,5.95,4.275,False
105065,Tim Smyczek,175.0,40,0.35,0.3,0.25,0.6252736905661339,0.6566596367370574,0.5949008498583569,0.3706070287539936,3.75,2.4,False
105173,Adrian Mannarino,183.0,40,0.4,0.375,0.3333333333333333,0.5934244215249515,0.6575474856077521,0.551622418879056,0.3939393939393939,3.825,2.7,True
104919,Leonardo Mayer,188.0,40,0.475,0.4411764705882353,0.125,0.5949421068664398,0.7482896858875767,0.6077586206896551,0.3804347826086957,6.4,2.75,True
105311,Joao Sousa,185,40,0.525,0.4827586206896552,0.4,0.6143529758908512,0.6715712223670037,0.5635179153094463,0.3853820598006645,2.725,2.275,False
105147,Tatsuma Ito,180.0,40,0.3,0.24242424242424243,0.16666666666666666,0.565379555976739,0.6518304691230221,0.5217391304347826,0.37089201877934275,3.825,3.225,False
104471,Ivan Dodig,183.0,40,0.55,0.5588235294117647,0.38461538461538464,0.5864788876487415,0.722355227814768,0.599250936329588,0.41630901287553645,7.675,3.125,True
105992,Ryan Harrison,183.0,40,0.375,0.34375,0.23076923076923078,0.5764504432654366,0.6833966712382334,0.5945121951219512,0.38636363636363635,5.975,4.2,False
105668,Jerzy Janowicz,203.0,40,0.525,0.5625,0.5333333333333333,0.6205656843717435,0.7812007146441909,0.6666666666666666,0.3656387665198238,11.1,3.925,True
105539,Evgeny Donskoy,185.0,40,0.3,0.2857142857142857,0.3333333333333333,0.5679468079696927,0.711851713444714,0.6228373702422145,0.3392857142857143,5.35,2.3,False
105577,Vasek Pospisil,193.0,40,0.4,0.4,0.375,0.5533678322098051,0.7597060843580415,0.6058091286307054,0.3432203389830508,9.25,3.575,True
105011,Illya Marchenko,185.0,40,0.475,0.3333333333333333,0.0,0.5868643908693181,0.6981675596501032,0.5751633986928104,0.4111111111111111,3.425,3.7,False
104947,Marsel Ilhan,190.0,40,0.275,0.1935483870967742,0.0,0.633566691806027,0.6833826903672575,0.6070287539936102,0.3884297520661157,6.675,2.0,False
105723,Andrey Kuznetsov,185.0,40,0.325,0.2857142857142857,0.14285714285714285,0.5843062335582332,0.6892055926857117,0.5718954248366013,0.31974921630094044,5.025,2.925,False
104547,Horacio Zeballos,188.0,40,0.375,0.23076923076923078,0.14285714285714285,0.6374055328716379,0.6774945815744673,0.607773851590106,0.3399014778325123,5.875,2.15,False
105643,Federico Delbonis,190.0,40,0.5,0.4642857142857143,0.2727272727272727,0.6049349959769545,0.7187724206869786,0.6061946902654868,0.4034334763948498,3.0,2.7,False
105138,Roberto Bautista Agut,183,40,0.45,0.32142857142857145,0.125,0.6723828077289582,0.6505637909239662,0.5789473684210527,0.37540453074433655,2.325,1.925,True
106071,Bernard Tomic,193.0,40,0.425,0.35294117647058826,0.3125,0.6493524777833928,0.6766543104114685,0.5948275862068966,0.3333333333333333,5.8,2.575,True
105558,Guillaume Rufin,188.0,40,0.35,0.2903225806451613,0.07692307692307693,0.5380156778541787,0.6945422337817606,0.6128205128205129,0.4013605442176871,7.475,5.125,False
105683,Milos Raonic,196.0,40,0.55,0.5,0.47058823529411764,0.6207118598971403,0.7749416409955094,0.6509433962264151,0.36363636363636365,14.05,2.625,True
105583,Dusan Lajovic,180.0,40,0.425,0.3,0.0,0.593288877641277,0.6963002139113553,0.6111111111111112,0.40789473684210525,3.925,2.375,False
105332,Benoit Paire,196.0,40,0.4,0.36363636363636365,0.18181818181818182,0.5270953538055957,0.7280329503949298,0.5596330275229358,0.39209726443769,8.225,4.075,True
105077,Albert Ramos,188.0,40,0.4,0.30303030303030304,0.18181818181818182,0.6085572537717251,0.6673327770861153,0.6314285714285715,0.38869257950530034,3.4,2.975,False
106058,Jack Sock,185.0,40,0.425,0.3448275862068966,0.18181818181818182,0.5515244054329249,0.7292851642678999,0.6391752577319587,0.4,7.875,5.325,True
104594,Marinko Matosevic,194.0,40,0.4,0.3333333333333333,0.125,0.6035237657410141,0.6530418463659278,0.5933734939759037,0.4126984126984127,4.4,3.05,False
105051,Matthew Ebden,188.0,40,0.4,0.34375,0.21428571428571427,0.6153193021173515,0.6935590006126213,0.608843537414966,0.3698630136986301,5.15,3.45,False
105154,Joao Souza,193.0,40,0.4,0.3076923076923077,0.0,0.6438885455592933,0.6722038458624028,0.5130434782608696,0.34841628959276016,5.075,2.25,False
105449,Steve Johnson,188.0,40,0.325,0.2222222222222222,0.3,0.5872824772175906,0.7389494429913749,0.697594501718213,0.35602094240837695,9.15,3.8,False
106045,Denis Kudla,180.0,40,0.325,0.2692307692307692,0.125,0.5817757749352751,0.6733884291171399,0.6166666666666667,0.4076923076923077,4.025,3.2,False
105379,Aljaz Bedene,181.0,40,0.4,0.3448275862068966,0.25,0.5723593604689792,0.7289579710317509,0.5719557195571956,0.4117647058823529,7.325,3.575,False
105676,David Goffin,163.0,40,0.475,0.4,0.26666666666666666,0.5867097319243774,0.6840533667272182,0.5927051671732523,0.3520710059171598,4.025,4.5,True
104932,Kenny De Schepper,203.0,40,0.3,0.2222222222222222,0.2857142857142857,0.6380699450385519,0.727165871322791,0.6821428571428572,0.30120481927710846,9.2,5.225,False
106233,Dominic Thiem,185,40,0.5,0.47058823529411764,0.4444444444444444,0.5580138459050705,0.7412513555817914,0.6022304832713755,0.3895131086142322,4.55,2.825,True
105807,Pablo Carreno Busta,188,40,0.425,0.45714285714285713,0.25,0.5885780698883185,0.6813617211909594,0.5309090909090909,0.42857142857142855,2.825,1.9,False
105902,James Duckworth,183.0,40,0.35,0.25,0.1111111111111111,0.5831478623973834,0.7148034784008905,0.6314285714285715,0.34854771784232363,10.05,3.55,False
105526,Jan Lennard Struff,196,40,0.4,0.3103448275862069,0.1,0.5926369404034605,0.7295265193844527,0.5917602996254682,0.35968379446640314,6.35,3.05,False
106210,Jiri Vesely,198,40,0.375,0.3939393939393939,0.125,0.6207743336314664,0.7104219640907886,0.6067796610169491,0.3607843137254902,5.65,4.1,False
106401,Nick Kyrgios,193,40,0.55,0.5555555555555556,0.38095238095238093,0.6194319736288956,0.7639977609618527,0.6533864541832669,0.40948275862068967,13.95,4.0,True
106432,Borna Coric,185,40,0.55,0.5405405405405406,0.23529411764705882,0.5868986948907773,0.7256792297447185,0.6204379562043796,0.36531365313653136,4.525,2.5,False
